{
  "token": "OTExMzI3MjQ5Nzg4MTg2Njk0.GeWkkE.bOKJo2eVS-IT0Wlwi1imwlVp0GmNieqh5UH0C0",
  "mongodb": "mongodb+srv://itork:piotr@discord-bot.ptr2y09.mongodb.net/?retryWrites=true&w=majority",
  "gpt": "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",
  "gptID": "org-5pMjlo3bhO05BjOwPS6ctrFL",
  "cloudName": "diclqltjd",
  "cloudKey": "991568765474472",
  "cloudSecret": "dpBYJzRILOCN7wOUq8gCpl6Guo4",
  "spotifyID": "3915897582784d3faa7fa4b1dda6a94e",
  "spotifySecret": "4dd092920f774b7c90696c9ad422ff06"
}
